<?xml version="1.0" encoding="UTF-8"?>
<template>
 
    <t t-name="pao_assignment_auditor.popup_assignment_auditor">
        <span><b>Search Auditors</b></span>
        <button t-att-name="widget.button_name" type="button" class="btn" style="background: -moz-linear-gradient(top, rgba(252,234,187,1) 0%, rgba(252,205,77,1) 50%, rgba(248,181,0,1) 51%, rgba(251,223,147,1) 100%);" t-att-title="widget.title">
            <i class="fa fa-fw o_button_icon fa-search"></i>
        </button>
    </t>
 
</template>