<?xml version="1.0" encoding="utf-8"?>
<odoo>
    <data>
        <record id="ir_action_download_attachment" model="ir.actions.server">
            <field name="name">Download</field>
            <field name="type">ir.actions.server</field>
            <field name="model_id" ref="base.model_ir_attachment"/>
            <field name="binding_model_id" ref="base.model_ir_attachment" />
            <field name="state">code</field>
            <field name="code">
                if records:
                action = records.action_download_attachment()
            </field>
        </record>
    </data>
</odoo>