<?xml version="1.0" encoding="utf-8" ?>
    <odoo>
        <record id="commission_suppplier_group" model="res.groups">
            <field name="name">supplier commission</field> 
        </record>
        <record id="auditor_agenda_group" model="res.groups">
            <field name="name">view auditor's agenda</field> 
        </record>
        <record id="catalog_manager_sa_ra_group" model="res.groups">
            <field name="name">catalog manager SA/RA</field> 
        </record>
    </odoo>

    