<?xml version="1.0" encoding="UTF-8" ?>
<odoo>
    <data>
        
        <record id="cron_sign_request_reminder" forcecreate='True' model="ir.cron">
            <field name="name">Signature reminders</field>
            <field eval="True" name="active"/>
            <field name="user_id" ref="base.user_root"/>
            <field name="interval_number">1</field>
            <field name="interval_type">days</field>
            <field name="numbercall">-1</field>
            <field name="model_id" ref="sign.model_sign_request"/>
            <field name="state">code</field>
            <field name="code">model._send_signature_reminders()</field>
        </record>

    </data>
</odoo>