id,name,model_id/id,group_id/id,perm_read,perm_write,perm_create,perm_unlink
paa_scheme_ranking,paa scheme ranking,model_paoassignmentauditor_schemeranking,base.group_user,1,1,1,1
paa_scheme,paa scheme,model_paa_assignment_auditor_scheme,base.group_user,1,1,1,1
paa_weighting,paa weighting,model_paoassignmentauditor_weighting,base.group_user,1,1,1,1
paa_month,paa month,model_paoassignmentauditor_auditsquantitypermonth,base.group_user,1,1,1,1
paa_honorariums_month,paa honorariums per month,model_paoassignmentauditor_auditshonorariumpermonth,base.group_user,1,1,1,1
paa_configuration_audit_quantity,paa configuration audit quantity,model_paoassignmentauditor_configuration_audit_quantity,base.group_user,1,1,1,1
paa_configuration_audit_honorarium,paa configuration audit honorarium,model_paoassignmentauditor_configuration_audit_honorarium,base.group_user,1,1,1,1
paa_qualification,paa qualification,model_paoassignmentauditor_auditor_qualification,base.group_user,1,1,1,1